date,close,high,low,open,quoteVolume,volume,weightedAverage
2016-07-28,1.525,0.33,1.0,0.33,4615.11091623,6574.53016587,1.42456601
2016-07-29,1.63004163,1.83999493,1.55000007,1.68013468,37985.45859261,63163.12870196,1.6628239
2016-07-30,1.58155738,1.7206249599999999,1.5500301300000001,1.63004169,16708.34230261,26824.29044815,1.60544295
2016-07-31,1.82999983,1.94999714,1.5500620600000001,1.5500620600000001,43806.2031214,78458.4575617,1.7910353300000001
2016-08-01,2.38102408,2.39,1.7700354200000001,1.82999635,147305.05801136,315454.9076839,2.14150764
2016-08-02,2.70000006,3.5000062,2.15,2.33600229,783407.50865921,2191642.5268444,2.79757661
2016-08-03,2.69898992,3.38,2.35999999,2.70000001,443832.27201783,1232620.7566528,2.77722201
2016-08-04,2.36,2.79999995,2.10000003,2.58999957,175347.00956517,428554.50334759,2.44403656
2016-08-05,2.58000537,2.67999987,2.27722773,2.37999839,70058.07114329,175256.37685876,2.50158724
2016-08-06,2.6769818499999998,2.847,2.53807354,2.58999999,87759.42761872,234597.35501974,2.67318693
2016-08-07,2.17,2.7438948,2.1015,2.68,158023.01028506,364136.61196387,2.30432651
2016-08-08,2.1999999,2.43510749,2.04747706,2.2019699,74336.94105387,161796.58082381,2.17652997
2016-08-09,1.986,2.25886562,1.8297115499999999,2.19999989,181837.780799,364804.71966813,2.0062097
2016-08-10,1.71,2.1109,1.64900001,2.00686997,141020.64123761,260729.31558428,1.8488734199999999
2016-08-11,1.87498159,1.99,1.5,1.73899992,159940.19835911,285962.32472169,1.78793278
2016-08-12,1.8599999999999999,2.09999997,1.80000125,1.8749773200000002,162597.03357233,319331.8690171,1.96394646
2016-08-13,1.8789999800000001,1.9455524899999999,1.81633664,1.86612431,20259.88480144,38043.6667893,1.8777829700000002
2016-08-14,1.9199244,1.97999774,1.86960498,1.86960498,63374.16106848,122691.70935326,1.93598948
2016-08-15,1.8678868400000002,2.02675948,1.828,1.9170000200000001,86752.65315804,166685.27241026,1.92138529
2016-08-16,1.8511000000000002,1.8899999900000002,1.7894983899999999,1.83800322,23843.38052605,43839.91272767,1.83866179
2016-08-17,1.7300017699999999,1.87899991,1.7000000000000002,1.86488754,35297.96315526,62305.6304973,1.76513387
2016-08-18,1.6770467500000001,1.7899984,1.66333333,1.74999767,32064.28869539,54906.88400174,1.71239987
2016-08-19,1.7600135,1.8217272800000002,1.6,1.6826975800000001,73523.04369804,123664.88892202,1.68198815
2016-08-20,1.75,1.77830238,1.67079071,1.77830238,20417.58439684,34999.03929151,1.7141616
2016-08-21,1.72795152,1.7798289999999999,1.70000163,1.76,10115.2662925,17575.01440586,1.73747421
2016-08-22,1.62146871,1.7439223799999999,1.61075762,1.7310125699999999,42724.10104844,72051.49110434,1.68643667
2016-08-23,1.60023482,1.69703748,1.55700005,1.69,59726.61117091,95936.54793871,1.60626136
2016-08-24,1.449,1.64980687,1.449,1.60023413,25298.16614314,37936.02340999,1.49955626
2016-08-25,1.37,1.449,1.2560048400000001,1.449,45787.47211593,62703.88100902,1.36945496
2016-08-26,1.43420867,1.4867198,1.31000067,1.36005882,30569.46133899,42549.46581837,1.3918945200000001
2016-08-27,1.34500906,1.46,1.34000856,1.43421514,18141.38450177,25561.99330382,1.4090431300000001
2016-08-28,1.31100102,1.3669935500000001,1.28000026,1.34500901,46284.02301789,60832.732835,1.3143354600000001
2016-08-29,1.24779743,1.34299708,1.22000746,1.3110026,38326.25215175,48954.88818327,1.27731999
2016-08-30,1.24836779,1.31617186,1.12999999,1.27597141,76163.93132135,92829.44573697,1.21881111
2016-08-31,1.18000073,1.2810000000000001,1.16004228,1.22999773,91951.63527678,112275.75038136,1.22103049
2016-09-01,1.44653418,1.49599046,1.17532,1.178,78717.52656038,105848.10598075,1.34465741
2016-09-02,1.41597872,1.4705782,1.36091789,1.4517,66568.65659702,93827.08434397,1.40947841
2016-09-03,1.35155175,1.41591685,1.31083186,1.41591685,31734.44690522,43134.2727585,1.3592256
2016-09-04,1.47,1.47,1.33087105,1.3709474400000001,53361.29788294,75263.77119712,1.41045615
2016-09-05,1.45770369,1.54331,1.43698844,1.47,29698.81067764,44308.67725247,1.49193439
2016-09-06,1.46616186,1.51999952,1.44451598,1.45501892,27949.42420522,41407.35528064,1.48151013
2016-09-07,1.4691855999999999,1.49580273,1.45,1.48298751,14305.11838734,21001.54733191,1.46811419
2016-09-08,1.45,1.53543001,1.45,1.47751838,17632.54011368,26092.17071304,1.47977379
2016-09-09,1.40301364,1.4548617400000001,1.38299999,1.446375,22663.26548288,32314.56122175,1.42585635
2016-09-10,1.42,1.45432898,1.4,1.41314971,8773.86331407,12520.91241165,1.42706946
2016-09-11,1.33011761,1.43329746,1.329,1.42887883,30234.37198783,41945.45967946,1.3873435
2016-09-12,1.3228412600000001,1.36480229,1.30732556,1.33100171,9784.56864296,12944.84730355,1.32298599
2016-09-13,1.29089094,1.33967134,1.28999998,1.3355598,9745.41050685,12800.13190211,1.3134523
2016-09-14,1.28455671,1.32001,1.2637364500000001,1.29089094,10278.30889057,13309.45181477,1.2949067699999999
2016-09-15,1.27882376,1.31607795,1.2768107,1.30130475,12570.16679702,16363.84728691,1.30180033
2016-09-16,1.31887352,1.3439513,1.28,1.28111908,15110.59465258,19728.90445818,1.30563388
2016-09-17,1.32997724,1.33,1.3075,1.31943366,5554.52779336,7303.77211569,1.31492223
2016-09-18,1.3374118400000001,1.36371145,1.3148439299999999,1.31872258,7457.88674149,9949.95698326,1.33415233
2016-09-19,1.27500095,1.33209679,1.27500009,1.32097644,10368.57707729,13404.22605635,1.2927739200000001
2016-09-20,1.24303621,1.28116259,1.24100872,1.27500076,34024.56026198,42958.86016488,1.26258384
2016-09-21,1.22136978,1.2690000000000001,1.21,1.24149572,25899.77607385,32040.26749233,1.2370866600000001
2016-09-22,1.26614109,1.34999995,1.12476565,1.22136978,79957.52233928,97890.23631513,1.224278
2016-09-23,1.234,1.29863554,1.22220803,1.25200029,19404.55115605,24227.02747685,1.24852295
2016-09-24,1.23391342,1.25598008,1.22365797,1.23567633,931.94025636,1153.13412126,1.23734768
2016-09-25,1.2046239,1.25534722,1.20453151,1.25534722,22577.84811505,27721.98342048,1.22783992
2016-09-26,1.20081289,1.22182993,1.20001802,1.22038658,10544.91399532,12812.48186314,1.21503901
2016-09-27,1.20039061,1.20944622,1.15970061,1.20081289,38798.1603144,45858.46433417,1.18197522
2016-09-28,1.24459165,1.26999999,1.19471428,1.20676034,9935.77583163,12351.97057443,1.24318128
2016-09-29,1.28158919,1.28158919,1.22902405,1.24859965,11697.84505908,14629.61206271,1.25062453
2016-09-30,1.2637807699999999,1.27956879,1.23726472,1.2671999999999999,17059.68944202,21322.28581371,1.24986365
2016-10-01,1.19059554,1.26741437,1.17,1.26354344,15409.39716767,18544.15686838,1.20343168
2016-10-02,1.19871377,1.21768765,1.17821728,1.19299513,9938.31193079,11870.13752623,1.19438166
2016-10-03,1.19540522,1.22,1.16300006,1.18600002,18932.70606131,22451.61800289,1.18586418
2016-10-04,1.16573118,1.19867566,1.15431018,1.19692152,22051.57572929,25928.12593372,1.1757947
2016-10-05,1.19369492,1.2304884,1.15508931,1.16,10018.80501258,11868.83116387,1.18465537
2016-10-06,1.18695919,1.1917429,1.1635046,1.181,6926.20873257,8184.41469525,1.18165868
2016-10-07,1.165,1.19241598,1.15510123,1.1799992,4930.48508577,5729.83318486,1.16212362
2016-10-08,1.18194639,1.195,1.15712655,1.169044,3478.77271514,4119.73954219,1.18425084
2016-10-09,1.16506744,1.19232343,1.16505916,1.18194894,2905.72020109,3428.60152798,1.17994895
2016-10-10,1.1529601,1.17474016,1.15145181,1.16505915,3926.62615427,4551.80781968,1.15921598
2016-10-11,1.09998991,1.17999999,1.08375598,1.1529601,18839.69213866,21295.9359657,1.130376
2016-10-12,1.04149297,1.10790155,1.00711065,1.09998991,31283.03370099,32208.99314711,1.02959941
2016-10-13,1.01,1.05183617,0.98521097,1.03786792,11452.80801965,11521.88978035,1.00603186
2016-10-14,0.98668146,1.0217654,0.98521238,1.00641489,7812.18671541,7736.6383333,0.99032941
2016-10-15,0.9900129999999999,1.00623721,0.9889893200000001,0.99694917,2330.33158444,2317.46297371,0.99447777
2016-10-16,1.19120051,1.23999985,0.9901146,0.99988855,37280.71561331,41201.60232514,1.10517198
2016-10-17,1.08529392,1.2187216,1.06427421,1.2187216,38120.95421713,42987.54042358,1.12766171
2016-10-18,1.05840396,1.08474146,1.01700001,1.08474146,12373.6408445,12860.15376404,1.03931849
2016-10-19,1.04306451,1.08413137,1.01921021,1.05840255,7806.51394375,8290.7701579,1.06203232
2016-10-20,1.04218419,1.06373224,1.0323867,1.05572399,3335.46653392,3492.40624352,1.0470518
2016-10-21,1.02711094,1.06899999,1.02474199,1.05243112,26920.48409245,27753.1288518,1.03092978
2016-10-22,1.06,1.06606353,1.02605,1.02713182,6479.19748147,6820.24277732,1.05263696
2016-10-23,1.0479507,1.064,1.02810165,1.06,5403.46274077,5661.0734279,1.04767511
2016-10-24,1.03,1.055,1.0281,1.05497978,18965.63613972,19630.72394818,1.03506804
2016-10-25,1.01940126,1.04979908,1.004612,1.03735993,8315.00790053,8516.81472292,1.02427019
2016-10-26,1.0382286,1.04200002,1.00510259,1.01652405,14360.00082724,14756.15996636,1.02758768
2016-10-27,0.99433353,1.04200002,0.98600052,1.03821511,47675.81713875,48353.21474109,1.01420841
2016-10-28,0.94477023,1.00423926,0.94475695,0.99433353,12768.56235802,12388.96575849,0.97027099
2016-10-29,0.89235002,0.97632269,0.85741009,0.95130411,17461.42728692,16229.13761091,0.92942789
2016-10-30,0.9282147,0.9500000000000001,0.88150872,0.9005234400000001,98379.39910333,89878.06682204,0.91358625
2016-10-31,0.9,0.93691281,0.89339265,0.93691281,10711.11940452,9756.70892432,0.91089535
2016-11-01,0.8821241,0.90901994,0.8663080200000001,0.8940002100000001,19907.58679544,17658.87069544,0.88704225
2016-11-02,0.89136177,0.90699277,0.87484635,0.89670437,9258.79474872,8220.7195527,0.88788225
2016-11-03,0.88684917,0.92353661,0.88583458,0.88746054,20180.4846449,18139.16322408,0.89884675
2016-11-04,0.98903726,1.0030992,0.8916515500000001,0.90062285,23471.66972922,21968.47683772,0.93595713
2016-11-05,1.04227512,1.07280275,0.95640455,0.9631499,23467.11971227,23698.57953394,1.00986315
2016-11-06,0.9735643900000001,1.04236421,0.97150952,1.04236421,20969.0699649,20990.47639784,1.00102085
2016-11-07,0.9210478,1.00999852,0.92048489,0.98999999,16127.88538136,15750.71923369,0.97661403
2016-11-08,0.9364281,0.95499997,0.92327947,0.94043031,3851.06086384,3609.47977337,0.93726895
2016-11-09,0.91049893,0.94500002,0.90499063,0.94500002,45064.93105202,41755.16165931,0.9265555400000001
2016-11-10,0.92,0.95111435,0.90062286,0.92,14980.95369677,13753.98056853,0.91809779
2016-11-11,0.91004202,0.94231571,0.9065000000000001,0.92,4412.85670367,4031.75798889,0.913639
2016-11-12,0.9010068,0.9400000000000001,0.9010001400000001,0.9321682,7967.35724566,7341.58015478,0.92145738
2016-11-13,0.9014090100000001,0.92499995,0.90022826,0.92172788,5739.51105245,5207.62698268,0.90732937
2016-11-14,0.88475408,0.9153638900000001,0.88000082,0.90999388,9123.49876323,8126.97555211,0.890774
2016-11-15,0.93261896,0.93389477,0.88572698,0.88572985,3333.4213586,3048.29389193,0.91446401
2016-11-16,0.91,0.93392007,0.90343365,0.93261849,1689.64434305,1554.72923489,0.92015177
2016-11-17,0.88700548,0.91419673,0.88500006,0.90760968,22321.27975905,20052.98364911,0.89837965
2016-11-18,0.87000001,0.90357354,0.87000001,0.8949404400000001,9486.11876463,8415.87553963,0.88717796
2016-11-19,0.85668121,0.87514331,0.85,0.87000001,4393.93477817,3777.18555246,0.85963623
2016-11-20,0.865,0.8791412200000001,0.8536931600000001,0.86499999,5575.63567474,4832.84010483,0.86677831
2016-11-21,0.84999999,0.86777527,0.84032754,0.866,1131.41253725,958.22264467,0.84692595
2016-11-22,0.84499391,0.86999856,0.82000118,0.84302139,6440.89202668,5367.51774034,0.8333500500000001
2016-11-23,0.8090075999999999,0.844584,0.7896359900000001,0.8389605,8077.24376866,6604.94541178,0.81772267
2016-11-24,0.77,0.81794752,0.72618097,0.81794752,24555.78605353,18616.07931689,0.75811376
2016-11-25,0.84395123,0.86,0.75935997,0.76064409,16499.8145191,13003.04212771,0.78807201
2016-11-26,0.77951923,0.84786428,0.77951921,0.83857591,12486.51445763,9981.27978188,0.7993647700000001
2016-11-27,0.77996966,0.799,0.76000083,0.77472721,4811.05684058,3761.68684708,0.78188368
2016-11-28,0.75034894,0.7835259,0.75034182,0.77000283,1847.22340826,1407.84966985,0.76214369
2016-11-29,0.74,0.78997167,0.7047039700000001,0.75034912,17158.14518363,12637.66080994,0.73654003
2016-11-30,0.74996084,0.767,0.73877068,0.7416445700000001,2336.20439465,1742.26267013,0.74576636
2016-12-01,0.75890893,0.7853631999999999,0.73929013,0.7474000000000001,3030.02018244,2313.76086892,0.76361236
2016-12-02,0.81671891,0.81837634,0.73000023,0.75895462,12541.59112366,9869.77821893,0.7869638
2016-12-03,0.7728641900000001,0.80932468,0.75818529,0.80932468,8262.88853303,6407.24966024,0.77542491
2016-12-04,0.761,0.79759999,0.7499832,0.77273241,7298.47833958,5660.32389297,0.77554849
2016-12-05,0.835,0.8599770600000001,0.74879123,0.765,21135.43385417,16956.51178712,0.80227886
2016-12-06,0.75871416,0.84999454,0.7310188400000001,0.82558363,23629.08239943,18327.56588099,0.77563595
2016-12-07,0.8221138100000001,0.83521422,0.75990864,0.78580277,5749.92291211,4586.07349261,0.79758869
2016-12-08,0.82041224,0.8300000000000001,0.79987372,0.8221138100000001,11938.37389108,9773.98247194,0.81870299
2016-12-09,0.7989760100000001,0.83999904,0.7989567999999999,0.81981504,9274.27572064,7548.61140798,0.81393001
2016-12-10,0.86,0.86999994,0.7989639,0.80094097,13329.33042478,11310.4959917,0.84854194
2016-12-11,0.9106183999999999,0.96395392,0.8503592400000001,0.85356846,36420.70039599,33783.27222039,0.92758436
2016-12-12,0.90567215,0.956436,0.89215859,0.91062758,10566.34892987,9685.6776394,0.9166532
2016-12-13,0.96934603,0.9999999900000001,0.9056721600000001,0.90999999,22788.87503431,21932.70965936,0.96243055
2016-12-14,0.9932429500000001,1.0,0.95341553,0.96876909,41328.30941315,40622.18062692,0.98291416
2016-12-15,1.08189999,1.101,0.97579019,0.98500001,29852.29980812,31975.36133496,1.07111885
2016-12-16,1.05970611,1.09410852,1.03466545,1.08189999,11748.12611649,12484.79519914,1.06270524
2016-12-17,1.00375303,1.07331716,0.987007,1.05971237,24427.00918639,24825.12740301,1.01629827
2016-12-18,1.04659671,1.06301428,0.99985744,1.00862927,20717.06119864,21587.07879675,1.04199522
2016-12-19,1.19892712,1.21802718,1.05428226,1.05428226,31805.59725737,36420.66878731,1.14510249
2016-12-20,1.13800009,1.31,1.12669703,1.18904439,29880.68936372,35277.86020597,1.18062404
2016-12-21,1.12384892,1.17210174,1.09,1.12650688,29841.03671984,33657.33173051,1.12788748
2016-12-22,1.09999994,1.15,1.06135011,1.12999999,27570.13123384,30307.25182434,1.09927847
2016-12-23,1.0399,1.10253364,0.25,1.09,51033.05125055,50552.18725525,0.9905773999999999
2016-12-24,1.10161521,1.12508229,1.03,1.0399,18700.28424407,20481.37114364,1.09524384
2016-12-25,1.07922927,1.1207768,1.05593654,1.10159804,9347.75241424,10214.35331878,1.09270687
2016-12-26,1.03742321,1.08678115,1.02801111,1.0636112,8768.53196385,9226.51232085,1.05222999
2016-12-27,1.05623565,1.07029277,1.03180001,1.03742321,57025.25585267,59913.49644399,1.05064844
2016-12-28,1.12100001,1.13999997,1.03830119,1.05478414,58088.46024303,62645.96927947,1.07845807
2016-12-29,1.4148785,1.46140391,1.10767124,1.11248217,168862.13019719,222658.32774428,1.31858059
2016-12-30,1.52650902,1.64665745,1.41487846,1.41487846,117992.01268128,181062.7878707,1.53453427
2016-12-31,1.40287827,1.56425972,1.3268183,1.53245386,46282.02653576,65551.59723846,1.41635105
2017-01-01,1.39161718,1.5099995,1.35304117,1.39824666,139604.58116268,194197.65827013,1.39105505
2017-01-02,1.4337228,1.4620840400000001,1.36446693,1.39188763,116950.54189083,165694.39354471,1.4167903
2017-01-03,1.467009,1.57,1.39500001,1.43275266,186282.4663274,277080.84803293,1.4874231199999999
2017-01-04,1.72038394,1.77,1.4568604,1.47078545,153726.90098231,251690.92606535,1.63726013
2017-01-05,1.5650123,1.81786501,1.3900000000000001,1.72018396,273974.72309524,442482.2391866,1.61504767
2017-01-06,1.47793209,1.6160048900000001,1.4114,1.60317967,60310.26686314,91150.5517483,1.51136044
2017-01-07,1.42175095,1.4980722,1.2637719600000001,1.47793209,99178.6215193,133734.48932277,1.34842052
2017-01-08,1.4605000000000001,1.48713887,1.410001,1.4240762,19852.00030229,28962.44913157,1.45891843
2017-01-09,1.4031,1.46159783,1.3521,1.46159783,16939.73688128,23761.53779079,1.4027099600000001
2017-01-10,1.42487956,1.45,1.4100000000000001,1.4100000000000001,4215.44986826,6052.28837909,1.43573961
2017-01-11,1.1817,1.4446924,1.15,1.4247964,189413.51773604,238882.34485872,1.2611683999999999
2017-01-12,1.20714059,1.26699984,1.12595043,1.1793165,71647.77702609,85503.55653462,1.19338743
2017-01-13,1.20500001,1.25,1.16630721,1.21880176,21026.33361422,25358.08734112,1.20601564
2017-01-14,1.1936155099999999,1.2449995999999999,1.1856,1.21227541,8934.27029633,10801.39233872,1.20898427
2017-01-15,1.17688186,1.20124309,1.1400004,1.1940651,14811.31757584,17178.09652136,1.1597953
2017-01-16,1.17363281,1.19722341,1.15994503,1.17264811,4339.41304505,5106.31869432,1.17673027
2017-01-17,1.20042981,1.23629998,1.1736,1.17403713,47638.19231497,57623.66763087,1.20961071
2017-01-18,1.207425,1.22286243,1.1423,1.2001239400000001,50914.36061209,60233.96169643,1.18304464
2017-01-19,1.1723463,1.2152006,1.16,1.2,22351.88488429,26284.85669774,1.17595705
2017-01-20,1.33823286,1.4023176400000001,1.16,1.17886688,210318.00872116,276340.99133476,1.31391977
2017-01-21,1.42629209,1.44,1.33392041,1.33790325,144251.41573947,201650.70223106,1.39791142
2017-01-22,1.38559639,1.47872288,1.35000001,1.415,106029.93338418,148625.34237105,1.40173003
2017-01-23,1.39999852,1.39999852,1.37,1.38632417,41794.84733584,57610.27184189,1.37840608
2017-01-24,1.35575833,1.3987,1.34491183,1.39464793,41648.71046628,57009.53894386,1.36881882
2017-01-25,1.28231286,1.37365088,1.2709144700000001,1.35636471,59737.08460875,78231.80131641,1.30960193
2017-01-26,1.32158668,1.35991887,1.2716519,1.28127473,40118.38482052,53192.39711616,1.3258858
2017-01-27,1.27500002,1.34865005,1.27500001,1.31983024,34322.55258648,44531.81037685,1.29745042
2017-01-28,1.29682703,1.31348,1.27999999,1.27999999,13909.54301325,17964.59320544,1.29153008
2017-01-29,1.29267455,1.30596319,1.29,1.3,5334.60027599,6894.7316537,1.29245516
2017-01-30,1.33554554,1.343,1.2875,1.2926389600000001,7778.44731261,10180.58822853,1.3088201
2017-01-31,1.3371303,1.3818287,1.32800002,1.33560083,55947.44612953,75498.85993686,1.34946034
2017-02-01,1.34999579,1.35973491,1.33202819,1.3387248999999999,11534.63459634,15512.30555834,1.34484585
2017-02-02,1.35999775,1.36979577,1.333,1.34855701,17406.26324788,23454.17153848,1.34745586
2017-02-03,1.3359437,1.36340723,1.3201798999999999,1.34848649,16212.41851378,21819.12037379,1.3458276
2017-02-04,1.37048346,1.3816217,1.33590004,1.337231,16729.03411876,22764.8272754,1.3607974600000001
2017-02-05,1.35703372,1.3719999999999999,1.33821937,1.37048347,9377.84565839,12678.53124937,1.35196629
2017-02-06,1.44053473,1.47735043,1.35703372,1.35703372,71569.87132862,102513.74411891,1.43235892
2017-02-07,1.46000803,1.509999,1.43960511,1.44177519,57908.39682643,85850.77160548,1.48252716
2017-02-08,1.43538721,1.48800137,1.3900000399999999,1.46000803,42272.36821481,60791.48064091,1.4380902500000001
2017-02-09,1.26,1.45313429,1.2,1.43538721,229003.35388149,290399.98974488,1.26810365
2017-02-10,1.27008931,1.27069738,1.20650001,1.26777169,65992.78760252,81920.08073812,1.24134899
2017-02-11,1.229,1.2864,1.22391234,1.2584401,60275.43203055,75329.86727222,1.2497607099999999
2017-02-12,1.21333333,1.23000011,1.2,1.23000011,64667.6755509,78598.41581992,1.21542045
2017-02-13,1.19338223,1.21946211,1.177,1.21286779,66897.62872292,80044.68046903,1.1965249199999999
2017-02-14,1.25001,1.25001,1.18604109,1.19338223,56001.10625001,69065.00639145,1.23327932
2017-02-15,1.2622883200000001,1.2766000100000001,1.2376560699999999,1.24500016,52242.97666752,65516.40768361,1.2540711
2017-02-16,1.2346695300000001,1.26998943,1.2346695300000001,1.26185546,57350.45154099,71743.69865112,1.25097007
2017-02-17,1.23328761,1.255234,1.2297999800000001,1.23823396,22285.50331987,27569.48574198,1.23710401
2017-02-18,1.21553491,1.2495338999999999,1.2127703,1.23539891,35310.39863697,43117.95144052,1.22111199
2017-02-19,1.21854104,1.23604659,1.21442398,1.22133821,12495.05384169,15294.69831814,1.22406021
2017-02-20,1.22743162,1.24869967,1.21200012,1.21854104,19441.90771122,23730.01980746,1.2205602500000001
2017-02-21,1.2574670000000001,1.2603,1.212,1.23356877,59574.69882646,73818.42751447,1.23909023
2017-02-22,1.21900013,1.25746789,1.2160001,1.2574670000000001,32985.11215161,40659.88680045,1.23267389
2017-02-23,1.23388991,1.2449993400000001,1.20801383,1.22410338,39834.16029224,48799.78043645,1.2250736500000001
2017-02-24,1.20833301,1.25,1.19888888,1.22772046,106008.57631381,130294.33067842,1.22909235
2017-02-25,1.20799999,1.2192,1.1750001,1.20229134,35263.89062016,42301.86124173,1.19958009
2017-02-26,1.24377,1.249999,1.19198563,1.20799999,54175.20992394,67097.18853612,1.23852198
2017-02-27,1.22916273,1.25999988,1.22000011,1.24367452,52998.21572502,65789.64754035,1.24135589
2017-02-28,1.2292071,1.2559819700000001,1.22,1.23434008,55051.35686469,68514.19174321,1.24455046
2017-03-01,1.4026155,1.43001602,1.22596045,1.23476918,216794.34103229,294432.50730285,1.35811897
2017-03-02,1.363,1.40991547,1.3393,1.39654546,145797.13925275,198902.76543198,1.36424326
2017-03-03,1.44264988,1.44264999,1.35,1.363,248469.08216313,349787.75468405,1.40777175
2017-03-04,1.43,1.47968389,1.38238765,1.43543674,96579.13731677,137767.76772646,1.42647544
2017-03-05,1.3935822,1.431,1.38100007,1.42985698,50879.27944172,70999.40538123,1.39544832
2017-03-06,1.41979951,1.43996279,1.3900000000000001,1.39729999,32312.30007985,45597.73624306,1.41115724
2017-03-07,1.3700001,1.435,1.332,1.42263356,75586.94599544,102964.8743028,1.3622044500000001
2017-03-08,1.278,1.38248911,1.27500003,1.375,117112.4105806,154040.47728511,1.31532154
2017-03-09,1.322,1.3388892000000001,1.27,1.27818403,32807.12311278,42724.22874771,1.30228513
2017-03-10,1.28603188,1.42832899,1.18144553,1.31653578,194786.90195808,254694.83202903,1.30755625
2017-03-11,1.36569952,1.385,1.2888,1.28880708,74519.31543486,99040.84144357,1.32906268
2017-03-12,1.419,1.43,1.35621205,1.37480632,121432.93229321,169797.5549859,1.39828258
2017-03-13,1.6310000100000002,1.7000000000000002,1.4,1.415,397213.45952679,607249.23058379,1.52877304
2017-03-14,1.6453364700000002,1.7918,1.6020002500000001,1.6311530300000001,328945.57966226,557712.16561696,1.6954542
2017-03-15,1.7999999899999999,1.8,1.63000107,1.64533656,262929.95446415,449889.33340022,1.71106154
2017-03-16,2.09222239,2.10999999,1.7663471099999999,1.8,529761.29275866,1015913.0359374,1.9176807500000002
2017-03-17,1.80652665,2.18069891,1.6760000000000002,2.09222239,553714.77269671,1054809.390093,1.90496884
2017-03-18,1.66000031,1.867999,1.5510000700000002,1.80652665,383696.91797982,649362.6787435,1.6923844
2017-03-19,1.854705,1.92741947,1.66200003,1.66200003,211574.874701,382905.17724491,1.8097856700000001
2017-03-20,1.91732184,1.98899999,1.8035,1.86484,241596.66502155,463775.46988484,1.91962695
2017-03-21,2.35403468,2.41,1.87130813,1.90000002,704832.07795259,1538120.5730041,2.18225109
2017-03-22,2.33999998,2.47,2.2,2.35403516,491842.02131401,1147010.3244702,2.33207061
2017-03-23,2.27804059,2.35,2.17,2.33999997,267375.1762784,601950.33534923,2.25133216
2017-03-24,2.39726236,2.4638,2.23000523,2.24977838,317895.66386208,755602.1221171,2.37688716
2017-03-25,2.25024555,2.44769957,2.2502455,2.4299999899999998,149497.70855603,350621.4732668,2.34533008
2017-03-26,2.32649998,2.37119998,2.25,2.27081952,101995.51866093,235740.3027528,2.31128098
2017-03-27,2.11499107,2.3496539800000003,2.09120011,2.32429674,220477.91649199,485640.83809677,2.2026733800000002
2017-03-28,2.245,2.33751489,2.10000002,2.1149911,185581.51076442,411568.48853333,2.21772355
2017-03-29,2.3164,2.3765439600000002,2.24,2.24500001,122080.74317933,280559.35171083,2.29814583
2017-03-30,2.82300001,3.2499000000000002,2.25,2.32266567,404569.08789894,1064892.4157758,2.63216456
2017-03-31,2.8200000000000003,3.0,2.5840003400000002,2.82300001,493511.65752531,1371722.2156463,2.77951329
2017-04-01,2.74999722,2.82726582,2.72200085,2.8200000000000003,130521.53409221,361389.63852127,2.76881237
2017-04-02,2.6285,2.8015,2.47000006,2.73430838,249297.45186947,661259.28382088,2.65249114
2017-04-03,2.56117544,2.77,2.47288442,2.6419055399999998,126302.20366394,327842.44451091,2.59569853
2017-04-04,2.66,2.71,2.54763765,2.56117759,109784.9400209,288945.74915544,2.63192519
2017-04-05,2.79299967,2.80999997,2.62526202,2.66999368,129004.41568809,348859.81268955,2.70424706
2017-04-06,2.68,2.8358,2.45000016,2.76833815,282470.32949543,756733.60633646,2.6789844
2017-04-07,2.74999995,2.75023,2.57000549,2.68000001,86001.22854827,226984.97050637,2.63932241
2017-04-08,2.7340203499999998,2.8200000000000003,2.65222227,2.749,178207.99067505,487212.26918184,2.73395299
2017-04-09,2.67000001,2.73487035,2.596,2.73402058,121668.37949232,324839.10698768,2.66987288
2017-04-10,2.63786661,2.68000001,2.550001,2.67000001,168383.77021785,438795.36208972,2.6059243199999997
2017-04-11,2.575,2.64,2.573,2.63786661,69101.98020872,180296.77149138,2.60914044
2017-04-12,2.66122648,2.7,2.555,2.575,169750.41496046,445537.18896625,2.62466038
2017-04-13,2.64100001,2.69299985,2.6,2.65000001,194312.57232121,513003.60846254,2.64009478
2017-04-14,2.69999998,2.76,2.59,2.64100001,232864.07824985,616363.63278837,2.64688155
2017-04-15,2.7108041,2.73,2.65,2.68300746,63533.71070011,170775.26939208,2.68794735
2017-04-16,2.670391,2.71998999,2.64499874,2.7108041,111187.84622342,296241.75944665,2.6643358
2017-04-17,2.67311353,2.7,2.64074842,2.6721118500000003,134361.21470079,359386.53106088,2.6747788100000003
2017-04-18,2.99,3.1,2.675,2.69111351,355560.21622437,1026811.1864356,2.8878686
2017-04-19,3.25,3.40724999,2.9050000000000002,2.9999965299999998,488218.71673638,1551630.3165946,3.1781459
2017-04-20,3.40914665,3.56999988,3.16400029,3.24299998,495075.2165734,1683862.6959826,3.40122599
2017-04-21,3.35,3.525,3.28373429,3.4049209,259076.37954937,874109.62413388,3.37394565
2017-04-22,3.45106879,3.45106879,3.3254395900000002,3.35529116,144314.19286246,489364.6118048,3.39096662
2017-04-23,3.80786401,3.81,3.40000008,3.4521998,336490.82224778,1215224.5143878,3.61146406
2017-04-24,4.285,4.34999998,3.81,3.81017698,670122.01275048,2770419.552201,4.13420168
2017-04-25,4.25,4.43,4.06,4.307,440619.24686983,1865315.5385663,4.2333955
2017-04-26,4.9799,5.17072216,4.19861918,4.22874998,565912.29149919,2643918.0913717,4.67195735
2017-04-27,5.40999829,5.58999999,4.96415388,4.96913323,537360.29770039,2849805.3418651,5.30334182
2017-04-28,5.23369944,5.55000055,4.89718693,5.400001,350808.17327508,1824148.1343813,5.19984502
2017-04-29,5.85,5.85985563,5.12748931,5.20000001,418011.32118355,2300869.1238488,5.5043225
2017-04-30,6.78149995,7.01999999,5.7189637,5.8600001200000005,689888.76639695,4460540.2041216,6.46559332
2017-05-01,7.24790001,8.01499984,6.55,6.77233183,846482.93870007,6108520.3978317,7.21635383
2017-05-02,7.01254672,7.54769519,6.5994999100000005,7.27,446277.36217456,3151076.1647262,7.06080216
2017-05-03,7.17412629,7.29880171,6.8001000099999995,7.0125467,536382.93015482,3768667.7366153,7.02607694
2017-05-04,7.68000002,7.7172964,7.0001,7.17412629,516296.33690207,3832017.1015619,7.42212723
2017-05-05,7.2499922,7.81999884,6.77,7.69858855,530905.5528673,3968024.7997988,7.47406912
2017-05-06,7.1288998,7.28575661,6.8,7.14496913,258035.07386097,1818400.0241579,7.04710408
2017-05-07,7.09991,7.58000424,6.901,7.12889979,365643.75594257,2631870.5443067,7.19790917
2017-05-08,6.40404072,7.1,6.40000004,7.09000005,405212.01743459,2737361.7955509,6.75538157
2017-05-09,6.18584302,6.50688634,5.10000001,6.50688634,390753.43218137,2311492.5157983,5.91547591
2017-05-10,6.47611235,6.94,5.97846142,6.15516476,215355.32940738,1404287.6439683,6.5207935500000005
2017-05-11,6.3254938,6.68000003,6.12,6.47822013,154261.35189954,983147.5345763,6.3732589
2017-05-12,6.14936027,6.55,6.00200001,6.33999939,126483.97644277,805099.29520798,6.36522757
2017-05-13,6.01110003,6.14936027,5.76000006,6.14936027,132535.64717715,794807.92069492,5.99693695
2017-05-14,6.700412,6.98642021,6.01648567,6.032,207099.18395742,1349649.0449432,6.51692111
2017-05-15,6.2800001,6.73391406,6.19417134,6.73391406,119052.75261412,763551.57546695,6.41355666
2017-05-16,6.12999998,6.4254,5.85,6.37,150961.11340682,927412.21981636,6.14338486
2017-05-17,5.86,6.15528315,5.65000006,6.12999998,173331.71567762,1020125.141675,5.88539228
2017-05-18,6.64,6.7083869,5.854,5.945,289300.46271768,1862647.9558974,6.43845481
2017-05-19,7.49999995,7.72999964,6.52000002,6.6732,358256.34467866,2570087.4623039,7.17387842
2017-05-20,7.02347032,7.72460575,7.0,7.5,150192.58885627,1089633.3548688,7.2549076
2017-05-21,8.07249999,8.07250001,6.88,7.02347032,243346.91505142,1776368.2082109,7.29973588
2017-05-22,8.385,9.379999980000001,7.65,8.07249999,463993.00933175,3976572.2952006,8.57032803
2017-05-23,10.64000001,10.79579998,8.05000001,8.4,312177.42788793,2986985.925972,9.568231579999999
2017-05-24,18.6,18.6,10.64000001,10.7958,922347.91051282,13036741.119765,14.13429896
2017-05-25,14.93176212,22.38,14.06169803,18.6,812455.63900474,14809523.096152,18.22810056
2017-05-26,13.93907635,17.5,11.5,14.93176213,529955.10763416,7858941.0799542,14.8294468
2017-05-27,14.59876305,15.1266364,8.09095487,13.93907635,1057059.8797948,12562232.807414,11.884126
2017-05-28,15.26770965,16.39999996,12.11481988,14.82009968,743623.28607415,11057626.323582,14.86993015
2017-05-29,15.87086024,16.56599999,14.0,15.26770963,433912.99509111,6642631.0030125,15.30867035
2017-05-30,17.47,18.35421112,15.3,15.87086021,535543.53403011,8889817.4329464,16.59961677
2017-05-31,16.19887992,17.6,14.75999999,17.49,281053.98159583,4506481.0402651,16.03421881
2017-06-01,15.59999,16.69557219,15.22000002,16.0000001,230878.67860215,3700472.9683312,16.0277813
2017-06-02,16.11274668,16.294,15.52000003,15.59998999,93063.6882823,1484267.3969111,15.94894232
2017-06-03,15.40999999,16.41730946,15.1,16.155,113137.58247652,1770221.1557659,15.64662349
2017-06-04,17.0,17.10254998,15.25744089,15.40999997,185210.16528045,3053458.2161383,16.48645046
2017-06-05,16.65008803,17.0,16.1,17.0,97193.43939822,1609297.2562657,16.5576737
2017-06-06,17.12088404,17.5,16.0,16.7,241164.37527048,4068205.881915,16.86901673
2017-06-07,16.70399997,18.47,16.38080001,17.01000171,307359.87235378,5334952.4534737,17.35734861
2017-06-08,17.11419442,17.48999957,16.20000002,16.83792267,103773.78065072,1745691.9262163,16.82209046
2017-06-09,17.26512996,17.71312497,16.90969883,17.17272381,80023.55182701,1380628.9603125,17.25278282
2017-06-10,19.19999997,19.2,17.000777,17.15130015,214228.39063678,3798014.3602619,17.72880965
2017-06-11,21.49128046,22.9,17.68291096,19.10000003,402072.30632896,8132055.5373422,20.22535601
2017-06-12,19.10005,22.36406092,15.5,21.51510021,499305.56035671,9515001.1502178,19.05646943
2017-06-13,19.954,20.18459946,18.34321837,19.100051,265432.28583869,5156514.5565154,19.4268551
2017-06-14,17.05000102,20.49999999,16.20000001,19.95399996,257933.03880646,4743900.2192489,18.39198359
2017-06-15,16.78999998,17.73999994,13.13,17.14310953,440881.74416766,6765186.4530495,15.34467358
2017-06-16,16.94,17.36985404,15.7,16.79,252993.66095028,4213536.1803045,16.65471049
2017-06-17,21.59311604,22.483,16.48,16.94000004,375627.32858484,7298842.9855336,19.43107551
2017-06-18,20.04731078,23.49999999,19.38999999,21.59,462933.31932427,9777755.241604,21.12130372
2017-06-19,21.5,22.1800007,20.0,20.02205576,232821.47287165,4944399.6449064,21.23687125
2017-06-20,20.58185462,21.62407688,19.9,21.562,149027.57282049,3110774.2424061,20.87381672
2017-06-21,19.02034588,20.97416116,17.62055576,20.5818545,205381.59734947,3940731.2726276,19.18736305
2017-06-22,19.35,19.58999996,18.15,19.10000003,94293.67948143,1791791.9885405,19.00224912
2017-06-23,19.60000001,20.10999999,19.20750061,19.35,68592.27772181,1355396.9824721,19.7601979
2017-06-24,18.17799954,19.69999981,17.5,19.68247165,121595.96597144,2240931.6342202,18.42932548
2017-06-25,18.50004988,21.2,17.11500001,18.02000007,318723.19711348,6109508.165572,19.16869628
2017-06-26,17.51999997,19.63699985,14.84863031,18.30000004,467107.00534078,7783502.0948726,16.66320994
2017-06-27,18.0237,18.2,14.5277721,17.51999997,395551.15775381,6572048.9973562,16.61491533
2017-06-28,18.44077492,18.67979999,16.5,18.00232238,258150.98093603,4598771.2410564,17.81426986
2017-06-29,17.57109968,18.59989962,16.87643585,18.42272051,174024.45771616,3086014.3272217,17.73322191
2017-06-30,17.15000004,18.2,16.90820983,17.57109967,100497.17378803,1779368.7805312,17.7056599
2017-07-01,16.12300037,17.25,15.43533461,17.17,98814.88104731,1617244.5546364,16.36640693
2017-07-02,17.097,17.15978569,15.50000001,16.12300211,159266.76246348,2635119.7895739,16.5453215
2017-07-03,17.1160037,17.89999999,16.51000201,17.00000003,172824.11578484,2960745.5776801,17.13155345
2017-07-04,17.58000052,17.79,17.06400025,17.1160037,28196.45045086,492752.06384604,17.47567711
2017-07-05,17.33714978,17.5,16.6824842,17.31287231,70669.56903303,1207560.6302698,17.08742032
2017-07-06,17.40298341,17.7,16.8050001,17.33714978,61143.96840735,1058271.4808332,17.30786385
2017-07-07,15.96299985,17.68602538,15.75999985,17.40298331,110479.56465931,1829415.8733389,16.55886207
2017-07-08,16.36202877,16.36202877,14.77999991,15.96299985,125035.24082978,1953815.2794016,15.62611681
2017-07-09,15.51079751,16.83868621,15.33990267,16.31479999,80394.45772087,1288505.9606508,16.02729836
2017-07-10,14.10000015,16.74899997,13.15000001,15.43324352,303090.27667194,4611798.4472721,15.21592344
2017-07-11,13.89999976,15.15,12.32723764,14.10000015,346763.52772364,4705635.8675216,13.570158020000001
2017-07-12,18.82,19.44000008,13.10000001,13.74573128,842338.64370584,14553439.107881,17.27742068
2017-07-13,17.5,19.55999998,16.13541264,18.8775999,412484.81643437,7314140.921889,17.7319034
2017-07-14,16.94,17.89999998,15.80000001,17.56999987,249849.92079625,4206419.6878558,16.83578555
2017-07-15,14.74428358,16.97399999,14.5,16.94,400685.67035187,6226960.0181664,15.54076044
2017-07-16,14.0,15.56099999,13.05,14.74428349,435555.37054654,6086891.788745,13.97501259
2017-07-17,15.13899981,15.57994046,13.98,13.98000003,396841.66513714,5873421.1688695,14.80041458
2017-07-18,15.70100088,16.22,14.4,15.10000001,484399.13897899,7458441.7933709,15.39730605
2017-07-19,14.16499996,16.12299999,14.04090036,15.70100088,248893.66101077,3789269.5414824,15.22445178
2017-07-20,16.097,16.25000001,14.16499995,14.16499995,425049.16861119,6633877.5993637,15.60731813
2017-07-21,16.09176625,17.62,15.56,16.097,386523.94217718,6352251.8444409,16.43430367
2017-07-22,16.82999966,16.995,15.95000036,16.00000008,183574.5257184,3034110.3481735,16.52794872
2017-07-23,16.07,16.92052088,15.59999995,16.82999966,167196.82497239,2711577.9901174,16.21787967
2017-07-24,16.04999999,16.37140465,15.7507,16.07,97462.20071015,1562876.626292,16.03572066
2017-07-25,14.62,16.2,14.05,16.04999999,188373.49020996,2802151.9119001,14.87551092
2017-07-26,14.64,14.88999818,14.05000002,14.62,99705.67179134,1441420.0626868,14.45675092
2017-07-27,14.4000092,14.75,14.287,14.58766599,60854.4532954,882470.10994265,14.50132343
2017-07-28,13.946,14.69999997,13.76000102,14.40000937,94134.36579818,1333027.3922602,14.16090054
2017-07-29,14.334,14.49999999,13.2,13.946,105286.40646193,1446910.4680391,13.742614230000001
2017-07-30,13.648821,14.50374967,13.5,14.334,59584.03959023,827329.17379158,13.88508029
2017-07-31,13.70864806,13.99,13.3000001,13.656909,135241.08544708,1849595.7938568,13.67628622
2017-08-01,14.63899962,14.79916999,13.37249941,13.70864807,262410.47575923,3721299.174976,14.18121423
2017-08-02,14.55599217,15.53863763,14.25,14.61522,140451.52570875,2076363.7715464,14.78349032
2017-08-03,15.26843746,15.415,14.39,14.56215733,89320.11236404,1352548.780935,15.14271248
2017-08-04,14.86059777,15.3098,14.77554357,15.27674959,82838.65876244,1244259.4797089,15.02027553
2017-08-05,15.64999999,15.89999999,14.76000103,14.86059777,219330.68328103,3378758.3838678,15.4048596
2017-08-06,15.4323825,16.17188624,15.35132726,15.64999999,79602.88729269,1247312.1532703,15.6691823
2017-08-07,15.33680397,15.57,14.8799999,15.47238249,122686.66122612,1876798.5308582,15.29749454
2017-08-08,15.89999,16.09877999,15.14210301,15.3299999,182388.99226993,2818599.9642879,15.4537833
2017-08-09,15.34970361,16.30000137,14.9,15.89998,192370.22080063,3025237.0756186,15.72611947
2017-08-10,15.2,15.68,15.2,15.4878492,74613.32081568,1150887.0037649,15.42468544
2017-08-11,15.18999987,15.46886,14.91,15.19999999,93252.00985335,1412336.6915096,15.14537535
2017-08-12,15.00999959,15.32999994,14.89,15.10000001,25532.46860393,386210.66209028,15.12625622
2017-08-13,14.12999994,14.69620095,13.7,14.69620095,96035.80088796,1363220.203951,14.1949168
2017-08-14,14.12000504,14.54,14.04314969,14.10000001,35958.53256206,517218.61711278,14.38375206
2017-08-15,13.44199873,14.13199611,13.0,13.94000016,107998.61226499,1446574.5020489,13.39438046
2017-08-16,14.14292458,14.39990675,13.18,13.42999942,81172.29243478,1123839.6361803,13.84511392
2017-08-17,13.9089986,14.29999991,13.50999979,14.14292458,63900.26111902,889801.19575052,13.92484443
2017-08-18,13.4465961,14.46000004,13.0,13.76000004,132725.51933235,1827209.0582389,13.76682545
2017-08-19,13.47000214,13.99,12.85982156,13.4465961,130550.77029236,1749861.6698227,13.40368705
2017-08-20,13.67999999,14.23699999,13.25,13.47000218,90004.89904483,1235696.7328971,13.72921636
2017-08-21,14.6,15.19,13.7105,13.81019346,161551.95457384,2310640.9730777,14.30277324
2017-08-22,14.4,15.15899985,13.31,14.55086217,138220.02916594,1941395.4043032,14.04568799
2017-08-23,15.26000001,16.659565,14.15,14.4,446089.81502386,6962716.5904464,15.60832898
2017-08-24,15.1899988,15.998,15.03274765,15.26000001,101099.35487162,1558262.8997127,15.41318341
2017-08-25,15.15999998,15.480002,14.90035167,15.14999993,57307.7984056,872561.74272285,15.22588141
2017-08-26,15.28000017,15.34999999,14.88,15.15999998,74834.76141727,1133432.6054246,15.14580368
2017-08-27,16.01,16.35227464,15.14,15.28000017,158488.04714602,2517792.1339079,15.88632189
2017-08-28,15.71000089,16.4,15.5,16.01,117627.75136526,1861265.8514252,15.82335656
2017-08-29,15.93,16.1,15.7,15.72100012,70939.03232415,1126319.9199987,15.87729467
2017-08-30,15.958581,16.05,15.7000006,15.87000003,71624.43177256,1139846.8527187,15.91421843
2017-08-31,16.77000004,16.91749899,15.75,15.95858099,140858.83412142,2294554.0871173,16.28974214
2017-09-01,22.51,22.97178933,16.44000002,16.83,715083.33704921,14083178.43266,19.69445755
2017-09-02,19.777,24.0,18.02016459,22.51,714064.10266873,14611125.981055,20.46192481
2017-09-03,19.22063687,20.78949839,18.21600002,19.777,236121.59857576,4596057.470645,19.46479059
2017-09-04,16.40999888,19.22063687,15.62786495,19.22063687,404664.66550513,6899981.536106,17.05110953
2017-09-05,17.00144999,17.42809999,15.0,16.5,304584.30149864,4975155.241401,16.33424709
2017-09-06,19.299,19.30090008,16.98400001,17.04217704,277865.9029116,5028890.611954,18.09826451
2017-09-07,18.448,19.3,17.841,19.29999999,153410.55309297,2836099.3520762,18.48698994
2017-09-08,16.70000001,18.75479973,15.0,18.44800001,321297.35247621,5426513.8294514,16.88938233
2017-09-09,16.36977699,16.70000016,15.1,16.70000001,141961.62570555,2281926.0528259,16.0742457
2017-09-10,15.2,16.33434664,14.21110008,16.33434664,182664.79113536,2772444.7680674,15.17777318
2017-09-11,15.19294728,16.00600007,14.76129883,15.25,163207.78407641,2522342.7250849,15.45479426
2017-09-12,15.01946097,16.16759465,14.8001,15.17462627,191445.57750361,2966997.9651037,15.4978663
2017-09-13,14.01700001,15.02999984,13.49110002,15.01946097,241648.36614533,3404533.5430299,14.08879189
2017-09-14,10.17000026,14.47293656,10.17000004,14.01700004,404132.00997622,4894723.7543629,12.11169527
2017-09-15,11.30000071,12.24999944,8.38416906,10.17000026,867127.96694454,9335873.9377881,10.76643159
2017-09-16,11.18500015,12.39999994,10.75000034,11.30001112,300506.95415846,3473345.5034552,11.5582866
2017-09-17,11.00000085,11.400001,10.19999997,11.23999997,108821.57635151,1185822.9006916,10.89694654
2017-09-18,12.11,12.19,11.00000086,11.00000086,289466.43829138,3432812.3950861,11.8591033
2017-09-19,11.55,12.25,11.27111002,12.11000001,120656.23588343,1406317.9516088,11.6555762
2017-09-20,11.28,11.71567962,11.1311,11.55,92262.47195992,1057149.2837245,11.45806373
2017-09-21,10.088,11.37814736,9.950000020000001,11.28,154810.38474649,1648641.532373,10.64942468
2017-09-22,10.2,10.62001421,9.77,10.105,118701.83358648,1200867.6581077,10.11667319
2017-09-23,10.57875003,10.86,10.031,10.14440712,84450.6002977,888420.17956202,10.51999839
2017-09-24,10.4,10.73083657,10.24553682,10.57,86094.81574329,908782.90490151,10.55560543
2017-09-25,10.97528096,11.15000553,10.4000003,10.4199996,85688.37091056,930659.09852505,10.86097318
2017-09-26,11.5,12.2,10.806666,11.005,203989.16226825,2361443.4852896,11.57631836
2017-09-27,12.88000053,13.3006693,11.44524849,11.5,272389.53181308,3371801.438521,12.37860139
2017-09-28,13.25,13.94999996,12.64266666,12.88996498,309183.18706175,4055185.0341071,13.11580061
2017-09-29,12.71,13.74987654,12.144,13.25000001,246242.67746272,3161546.4501925,12.83914909
2017-09-30,13.22099951,13.59,12.66369903,12.70810019,121529.65562514,1618478.3368546,13.31755881
2017-10-01,12.93800631,13.23393041,12.51982384,13.22099951,99783.82740459,1283183.5406613,12.85963441
2017-10-02,12.46907425,12.98363733,12.39999992,12.850999999999999,71638.63822913,909819.09015413,12.70011704
2017-10-03,12.26000004,12.54883067,11.7,12.48425023,88192.90590468,1066037.8390863,12.08756904
2017-10-04,11.81699889,12.39999983,11.74800001,12.31799617,42302.0692939,509034.48480885,12.0333235
2017-10-05,11.90008111,12.11000001,11.47000038,11.81132765,92319.12194522,1092029.7117335,11.82885721
2017-10-06,12.345344,12.39999886,11.89420907,11.90008111,53586.27734451,654624.60212867,12.21627316
2017-10-07,12.39999999,12.49982445,12.05,12.345344,41694.59822462,509536.59232628,12.22068598
2017-10-08,12.11000537,12.63069865,12.10160488,12.4,59808.81061265,740820.85563941,12.38648366
2017-10-09,11.41000055,12.20556283,10.945,12.11000001,97463.51645582,1137247.080325,11.66843883
2017-10-10,11.43666306,11.69999969,11.20533333,11.41000055,47720.10296758,547114.58990803,11.46507563
2017-10-11,11.42322673,11.58669261,11.28,11.35933598,31917.65006048,363845.78613435,11.39951673
2017-10-12,11.72,11.98,11.34,11.45,107404.74835405,1259395.2261548,11.72569411
2017-10-13,12.0295523,12.403,11.21,11.72,159329.69555793,1892093.3472001,11.87533397
2017-10-14,12.2,12.49999999,11.88733333,12.07490696,70518.65643297,858172.04371247,12.1694327
2017-10-15,11.99879999,12.48999996,11.511,12.20000002,68994.31453473,827876.24267426,11.99919512
2017-10-16,11.91999999,12.2,11.80000025,12.0,74916.68042074,898064.97315031,11.9875169
2017-10-17,11.81742865,12.45999999,11.63080374,11.91999999,105753.73733584,1274361.8494137,12.05027719
2017-10-18,11.44000119,11.84401107,10.59999999,11.81742843,103382.33990947,1157834.0868416,11.19953454
2017-10-19,11.2612662,11.49678919,11.14865984,11.45,46310.43899321,523794.18752828,11.31049929
2017-10-20,11.13101776,11.4223577,11.11372123,11.31166235,31933.97457373,359113.28954767,11.24549306
2017-10-21,10.81000002,11.2885,10.60400199,11.11660489,43004.40116225,466859.19596209,10.85607945
2017-10-22,10.63534557,11.15999999,10.47000053,10.882762660000001,30352.16880336,327696.26507578,10.79646951
2017-10-23,10.0718159,10.68410315,9.6,10.59110016,54271.20655442,546089.25940911,10.06222809
2017-10-24,10.43466321,11.00299898,9.59839759,10.0718159,72232.01904885,765002.98134554,10.59091233
2017-10-25,10.45856943,10.57099576,10.10202013,10.43466321,39053.06014522,405161.45776376,10.37464045
2017-10-26,10.33000004,10.65400632,10.2887,10.45856943,35405.56400353,369467.55890671,10.43529652
2017-10-27,10.2901004,10.52553963,10.18298635,10.43573525,45668.76020775,469831.10848541,10.28780081
2017-10-28,10.36713395,10.5,10.0,10.29010041,28786.02442476,294752.95058095,10.23944627
2017-10-29,10.84893359,11.06999963,10.36713395,10.36713395,109509.96051152,1182902.9875781,10.80178444
2017-10-30,10.82791544,10.99510022,10.7,10.83176763,37465.89379271,406340.05093861,10.84559875
2017-10-31,10.50527911,10.88582798,10.50527911,10.81,32268.69061664,344335.69579096,10.67089148
2017-11-01,10.1,10.6,10.05573512,10.50527911,47735.47352713,496298.89289851,10.39685701
2017-11-02,9.93669304,10.29044784,9.3226498,10.09709683,116954.94719704,1152666.2950137,9.85564375
2017-11-03,12.43599979,12.55,9.94700013,9.99899999,294083.69178065,3344624.615759,11.37303668
2017-11-04,11.758,12.49999999,11.17,12.36,168361.36431958,1996024.1877818,11.85559523
2017-11-05,13.12900071,14.21,11.64218899,11.75000011,477648.35586262,6342058.1448635,13.27767188
2017-11-06,13.84805607,15.27999998,12.96300027,13.08000059,551328.13978714,7933496.0043195,14.38978973
2017-11-07,13.49000021,14.66999998,13.124,13.84805606,200077.04532514,2772292.6681342,13.85612559
2017-11-08,13.76207103,14.11525976,13.48473731,13.49000036,184046.99974491,2543250.121463,13.81848182
2017-11-09,13.87252,14.5,13.74999967,13.76771625,186455.2483336,2632442.4336116,14.11836061
2017-11-10,14.27185768,15.3865,13.50999985,13.87252,432382.22670557,6224856.3440396,14.39665175
2017-11-11,19.00000001,19.4300005,14.2718576,14.37,1022633.9821959,17686736.988983,17.29527601
2017-11-12,14.55997003,21.45,14.4,19.10000003,910520.14675214,16298936.567206,17.90068745
2017-11-13,15.86506907,16.3800043,13.97998418,14.79359592,367438.79393832,5611404.838729,15.27167226
2017-11-14,17.25273,18.46452313,15.80000037,15.86506922,523520.06476046,9012089.67442,17.21441121
2017-11-15,17.10001003,17.77321238,16.61,17.36915866,168518.38839003,2883366.9129113,17.11010258
2017-11-16,16.77100001,17.19999996,16.1,17.19999996,198452.0049389,3299288.0012876,16.625118
2017-11-17,17.01000087,17.6,16.30046303,16.77100001,187724.55408894,3206557.2476147,17.08118185
2017-11-18,17.62000001,18.1,16.5075,17.12905734,171863.72961752,2999313.2127837,17.45169396
2017-11-19,17.99999999,18.06,17.5,17.62000001,137878.90473621,2464930.3406146,17.8775016
2017-11-20,18.45100001,18.90899945,17.91821554,18.04999973,163107.00909034,3022832.5155382,18.532818
2017-11-21,17.63797075,18.72999965,17.0999997,18.47000005,212623.0504102,3804963.0168302,17.89534582
2017-11-22,17.95001004,18.200000029999998,17.6177,17.63797075,94711.60873324,1693129.4645424,17.87668362
2017-11-23,17.90283,18.9,17.6,17.95001004,219677.69017667,4012656.8320736,18.2661099
2017-11-24,20.88888888,21.41,17.6,17.90283,476891.66146833,9246315.5380467,19.38871296
2017-11-25,21.31799671,22.64405725,19.94136172,20.90990888,382599.9978352,8156430.8449727,21.31842888
2017-11-26,21.70000002,21.8734,20.60550837,21.15750003,152237.76238652,3224363.8612556,21.17979015
2017-11-27,24.48010906,25.87,20.86000004,21.76799999,529452.78244552,12562516.643382,23.72735975
2017-11-28,31.450000029999998,33.1162221,24.48,24.52317125,720131.31125588,21589555.273478,29.98002577
2017-11-29,24.37999999,31.69999814,21.25660599,31.45000002,740346.38197531,19982888.686516,26.99126945
2017-11-30,25.97493734,27.19999987,21.42999999,24.37999994,455175.47640646,11119325.823514,24.42865751
2017-12-01,29.42952,29.9,24.104,25.97493734,346251.09512574,9584185.9478518,27.67987186
2017-12-02,28.80003141,30.75,28.0,29.42952001,221896.93070181,6525174.3291328,29.40632981
2017-12-03,28.97,30.89,27.5,28.76272702,206321.65979087,6055806.2829807,29.35128715
2017-12-04,29.2499998,29.6954663,27.6,28.97,112479.08750997,3236123.4267747,28.77088975
2017-12-05,28.13000001,29.34999,27.74197281,29.2499998,132045.32478532,3769097.4528506,28.54396745
2017-12-06,24.92111111,28.29999744,23.9,28.13000001,292952.10146118,7750457.9503617,26.4563999
2017-12-07,23.39314293,27.482,22.91085,24.9,298144.36121094,7353185.627996,24.66317188
2017-12-08,27.5,27.8,22.10000004,23.30314392,389001.20325062,9615345.8109803,24.71803616
2017-12-09,27.62,31.1,24.52632023,27.5,404383.33464182,11363698.477898,28.10130266
2017-12-10,25.1940002,27.67215487,23.4635923,27.62000104,260376.15500601,6622604.90271,25.43475957
2017-12-11,26.59,28.5,25.36999999,25.36999999,285754.28628224,7747841.009614,27.11364756
2017-12-12,28.39684545,32.0,26.0089,26.58999996,609532.05036593,17352638.453866,28.46878756
2017-12-13,28.7,31.52999999,26.68004526,28.39684545,506791.97705079,14668699.730602,28.94422247
2017-12-14,31.06562277,32.49999998,28.5227,28.7,482071.65802848,14727260.570017,30.5499407
2017-12-15,31.42000001,32.14675949,27.4,31.06562293,415777.83252415,12402793.22532,29.83033787
2017-12-16,33.91239779,37.75,30.09,31.42000009,728645.40169696,25428565.706858,34.89840963
2017-12-17,34.05099993,35.75,33.30201701,33.91239775,287375.67133009,9870499.7265634,34.34702624
2017-12-18,38.0425784,40.64999999,31.3,33.88010001,644917.74729006,23581757.83178,36.56552782
2017-12-19,37.5,43.0,35.3,38.05000003,607846.20218915,23789809.504343,39.13787635
2017-12-20,39.06703612,41.35,33.88495996,37.52894253,390106.31575549,14892146.200935,38.17458369
2017-12-21,36.22000002,42.55,34.25,39.11750147,375839.28841204,14472824.149191,38.50801285
2017-12-22,27.36112998,37.26827317,22.00018,36.49999998,685468.28697623,19403391.029826,28.30676691
2017-12-23,28.02000003,31.35,27.0,27.20000001,274493.45731404,8157182.2285756,29.71721915
2017-12-24,27.37516314,28.82696578,23.5800999,28.02000003,280030.11183409,7319420.8846542,26.13797793
2017-12-25,28.65960697,29.5,26.55478764,27.37516313,135133.50553081,3795903.6140104,28.09002548
2017-12-26,29.84,30.45001018,28.4,28.5,150727.11944941,4436818.2920705,29.43609821
2017-12-27,28.75,30.66999993,27.68,29.84,127371.3002224,3746240.667078,29.41196847
2017-12-28,26.85997447,28.96024011,25.0,28.76195291,166784.8941071,4377080.7778032,26.24386819
2017-12-29,27.23,28.63229996,26.02,26.85997447,197167.30385364,5426640.8205124,27.52302595
2017-12-30,23.78,27.3167316,22.7,27.1901014,271321.33713724,6721611.8099067,24.77362038
2017-12-31,25.91580026,26.57659996,23.50114952,23.78,163383.85342724,4071016.2984987,24.91688262
2018-01-01,29.24024445,31.73,25.1166,25.98,387448.16811729,11400729.149926,29.42517241
2018-01-02,31.88999999,34.51126997,29.10000015,29.24024445,333140.75621895,10554155.238512,31.68076868
2018-01-03,33.09,34.0,30.0,31.88999999,234709.89175996,7447816.9700171,31.73201143
2018-01-04,34.0,37.0,30.5699466,33.1,344069.27885438,11747630.157631,34.14321149
2018-01-05,31.01868049,35.23,30.5000001,33.55000003,201281.04477139,6684638.3032623,33.21047101
2018-01-06,33.9514953,34.60637316,30.88753655,31.0200006,112832.962931,3716595.983188,32.93892038
2018-01-07,35.44999999,36.1,33.80000011,33.99999997,189724.92100314,6644481.3765666,35.02165841
2018-01-08,33.62,38.74244453,27.72,35.30782973,534190.59808677,18057016.808481,33.80257322
2018-01-09,37.10001371,38.49989999,31.01,33.62,333366.0064289,11516286.503646,34.54547338
2018-01-10,36.40449082,39.0,33.51,37.10009257,405905.63101192,14875879.490473,36.64861572
2018-01-11,32.61999998,37.71999996,30.2,36.47871005,290030.26536944,9660581.0903979,33.30887236
2018-01-12,35.85608192,36.74829694,31.0000001,32.61999998,147254.15264428,5020915.3652936,34.09693563
2018-01-13,42.40035882,42.5,34.6,35.75550201,320498.32231665,12638195.653152,39.43295416
2018-01-14,42.54119996,46.8,39.0,42.40035882,491915.43319461,21241941.283218,43.1820997
2018-01-15,39.9,43.89999998,39.75,42.54119984,145686.13665059,6080956.3927527,41.74011702
2018-01-16,28.19999993,40.17010444,23.191,40.0,581574.36282329,18626248.035075,32.02728528
2018-01-17,28.9,30.59477734,22.05025072,28.15,484043.71946225,12633330.819081,26.09956562
2018-01-18,29.74373848,32.4,27.45946332,28.90000001,286057.49456855,8592283.8461859,30.03691219
2018-01-19,31.282632,33.6000296,28.23,29.38637222,200731.40158531,6253008.8471467,31.15112432
2018-01-20,34.86999996,35.50399998,31.3,31.3,150689.90281378,5106230.5221575,33.88568461
2018-01-21,30.25,36.0,28.8,34.86999997,176047.57325368,5518966.1861357,31.34928862
2018-01-22,29.16999675,32.77872762,26.36144502,30.29167001,192891.61862423,5649755.3756405,29.28979193
2018-01-23,28.18,30.3,26.0,29.01,162545.27652972,4596385.6467892,28.277571299999998
2018-01-24,29.4651743,30.25000011,27.74990955,28.22599637,86954.53903173,2522038.6885371,29.00410624
2018-01-25,29.18635717,30.30400003,28.55801396,29.66,58191.0200451,1712289.8385386,29.42532777
2018-01-26,28.55800001,29.58,26.45010003,28.90000181,97344.94662485,2723617.8636908,27.979036999999998
2018-01-27,29.66056949,30.25049897,27.90000029,28.6525799,90758.92978181,2663469.7798584,29.34664155
2018-01-28,32.45110101,33.99,29.5,29.66056958,168621.80255419,5395703.3085911,31.99884728
2018-01-29,31.05673194,33.21584994,30.31000003,32.45110101,107092.26629355,3378552.9241981,31.54805702
2018-01-30,27.10000002,32.0,26.631,31.05676874,281756.87971938,8180459.9539338,29.03375407
2018-01-31,28.79,28.79,26.0,27.05,114726.97825636,3145000.0752763,27.41290778
2018-02-01,25.02000001,28.99989999,23.79999858,28.78999999,270996.66099236,7013212.8847196,25.87933319
2018-02-02,23.14220105,25.07992547,18.651,25.07992547,307893.22765223,6776619.7819569,22.00964221
2018-02-03,24.39719966,24.9,20.71121727,23.26034788,110147.88065167,2575805.0026832,23.38497107
2018-02-04,20.68087427,24.74731952,19.53580632,24.22000538,134076.20074147,2961965.0823935,22.09165434
2018-02-05,16.45392059,21.24999983,15.65,20.81999731,224736.45004174,4041329.7417116,17.98252905
2018-02-06,19.10400256,19.49,13.93089715,16.56599636,333067.57731336,5580112.8170603,16.75369563
2018-02-07,18.05,20.7,17.41,19.10400517,162583.09272266,3117081.0386878,19.17223363
2018-02-08,21.67992777,21.916801,18.03646441,18.09999999,156936.44319062,3227664.2554015,20.56669687
2018-02-09,25.75,26.19670878,20.74764665,21.79899979,200951.86660815,4781956.6115027,23.79652745
2018-02-10,24.16713289,26.23672,22.5,25.77,146411.90492887,3574575.1937691,24.41451189
2018-02-11,23.75,25.78999998,21.0,23.95600702,200840.03316049,4710088.4443067,23.45194018
2018-02-12,29.5,29.99999998,23.69,23.69,271637.29702791,7518055.819261,27.67681721
2018-02-13,33.08375055,34.15067005,27.75852001,29.50000001,411946.35162201,12784881.723692,31.03530756
2018-02-14,34.71999997,35.89999899,32.51925953,33.20374998,264619.74328164,9054279.3457077,34.21618974
2018-02-15,33.75,35.21,31.852,34.636000010000004,171528.11349881,5776530.8387407,33.676875
2018-02-16,34.48933675,34.93100189,32.10000001,33.74816731,86796.82308741,2907750.8189281,33.50065953
2018-02-17,34.5501001,34.97999999,33.76253041,34.48933675,63626.33557229,2193023.9313269,34.46723611
2018-02-18,34.08792474,34.78042034,30.60000009,34.77563789,123455.20565509,4055720.4600241,32.85175735
2018-02-19,38.39200014,39.58,33.20628628,34.08792631,269164.70783264,10069959.88363,37.41188792
2018-02-20,36.49999999,42.85133693,35.47132451,38.395,320670.74779777,12872357.465329,40.14197601
2018-02-21,34.4,38.47132449,32.65,36.5,345915.98878216,12146963.295744,35.11535658
2018-02-22,31.25006687,35.928749690000004,30.13533003,34.4,174354.41195526,5674805.6645732,32.5475312
2018-02-23,36.00000031,36.999,30.26,31.25003054,198706.85445049,6896089.2684139,34.70483837
2018-02-24,36.43548775,38.90000008,34.36513831,36.06405,245319.72959481,8928220.0787027,36.39421946
2018-02-25,35.0955979,36.99999999,33.59000001,36.5,124187.36699218,4356606.6263396,35.08091629
2018-02-26,35.29999538,36.5,33.355,35.0955979,143423.73134823,5051671.7238406,35.22200737
2018-02-27,35.69,37.49086195,34.68999982,35.33782219,133528.47192399,4809955.676803,36.02194803
2018-02-28,32.99666752,36.23008706,32.0,35.93879443,140573.50510175,4803265.9815949,34.16907032
2018-03-01,33.3700001,34.735,31.51,33.30000099,125682.67578602,4163677.2178201,33.1284896
2018-03-02,30.5999954,33.86,30.0017148,33.4,159074.00359869,5028297.7834605,31.60980216
2018-03-03,28.8755,31.84,28.06333543,30.59999464,176850.24893876,5218437.6526223,29.50766359
2018-03-04,29.49999947,31.171305,28.23499997,28.874528,126564.76127409,3731377.0873575,29.48195887
2018-03-05,26.55,30.25,26.3,29.45000017,239975.26914396,6787051.388819,28.28229514
2018-03-06,24.67000079,27.30999999,24.633457,26.51397998,118058.75318737,3049872.6643792,25.83351578
2018-03-07,21.90627695,25.27824147,20.58,24.75,245354.95932097,5470617.982516,22.29674915
2018-03-08,22.14888682,24.87572959,20.8215,21.88972764,307532.32851527,7007009.7300699,22.78462808
2018-03-09,21.96,22.82542967,20.00070004,22.2356115,277980.08271906,5875979.4985832,21.13813134
2018-03-10,20.54954331,22.72677,20.30000001,22.04441928,115016.03741892,2490923.3181331,21.65718254
2018-03-11,21.45797941,21.76983921,19.6000034,20.80601717,140787.58908666,2908986.727943,20.66223838
2018-03-12,20.25772002,21.74301633,19.808018,21.42,75819.22356071,1570024.6054061,20.70747406
2018-03-13,19.80000012,20.79999998,19.5,20.3584,55947.03316138,1122344.4067219,20.06083867
2018-03-14,17.0,20.15,16.0,19.90013424,176105.84208801,3105089.5132649,17.63195062
2018-03-15,18.27625794,19.51632774,15.70000011,17.10100029,284519.41192518,5021286.5898445,17.64830932
2018-03-16,17.621,18.49,17.11,18.27625794,99439.93516071,1782914.2719092,17.92955987
2018-03-17,16.1,17.97402949,15.96000001,17.62100001,126350.13233043,2117109.541218,16.75589492
2018-03-18,16.67000017,17.1,14.327581,16.09583901,222640.86351488,3482536.0510021,15.64194459
2018-03-19,19.5,19.5,16.2,16.76579879,260193.55259369,4574318.7330465,17.58044612
2018-03-20,19.99999998,20.92817847,17.79508486,19.5,292888.10832834,5743303.3191037,19.60920623
2018-03-21,19.48882283,21.4,19.05000017,19.99995709,214630.27151787,4340698.5624788,20.22407431
2018-03-22,19.48014528,20.64442014,18.32065017,19.49779089,108222.14184353,2102952.8553258,19.43181699
2018-03-23,19.13,19.70753946,17.89,19.55796009,113747.21502994,2104423.2844732,18.50087744
2018-03-24,18.3,19.37180496,18.29000007,19.14540044,80665.30008635,1523477.952729,18.88641027
2018-03-25,18.08999819,18.47896546,17.839937,18.3366,63726.4642081,1157944.925358,18.17055033
2018-03-26,16.28136653,18.14999899,15.360587,17.97714524,177083.17249495,2910665.6160473,16.43671487
2018-03-27,15.85,17.18288484,15.18000002,16.45,169457.16071489,2733226.0783167,16.1293041
2018-03-28,16.1,16.83202395,15.69736085,15.85,61101.01214506,986750.18541189,16.14949001
2018-03-29,14.76088392,16.1428222,14.5,16.02909591,139972.8115062,2131148.0940389,15.22544322
2018-03-30,14.28378536,15.1499883,13.6939821,14.60598002,109542.23961077,1579435.3681245,14.41850535
2018-03-31,14.33627556,14.89999993,14.1,14.28437846,51566.83574428,747483.60753246,14.4954329
2018-04-01,13.52,14.53300559,13.00830001,14.3640617,70011.779726,955013.64697342,13.6407566
2018-04-02,13.9673915,14.27843195,13.46109999,13.51,75131.74612655,1050042.2645716,13.97601305
2018-04-03,15.09995293,15.19985664,13.859999909999999,14.05,101039.62988266,1494379.5700447,14.79003408
2018-04-04,13.6,14.99744758,13.36143496,14.95340552,87096.46667766,1225466.7773607,14.07022378
2018-04-05,13.65003611,13.83692383,13.12000001,13.52835868,48768.60807078,656573.73181557,13.46304021
2018-04-06,13.07,13.82999999,13.01143855,13.6615501,26149.08220309,347548.9332014,13.29105666
2018-04-07,13.45634018,13.821,13.07120531,13.158522959999999,33369.05846102,453636.41184765,13.59452237
2018-04-08,14.20987452,14.50596949,13.37030201,13.45634018,34207.41997418,477705.7247879,13.96497383
2018-04-09,13.6139968,14.52156509,13.22602253,14.09927499,52484.22878439,725526.23348312,13.8237
2018-04-10,13.72164214,13.82999999,13.23000001,13.64,29064.7019702,394825.25081371,13.58435573
2018-04-11,14.55435283,14.65726169,13.56777105,13.6018316,45921.27157788,645302.31002314,14.05236152
2018-04-12,16.16894925,16.45,13.7,14.63999989,232546.8848129,3500074.7612906,15.05104987
2018-04-13,15.67530055,16.8,15.48198972,16.23999991,132183.66193564,2148615.9446253,16.25477697
2018-04-14,16.06926696,16.392,15.48198972,15.55027538,66911.41280018,1073332.7880921,16.04110185
2018-04-15,16.83,16.92562864,16.06926696,16.06926713,62237.35467935,1034029.8590503,16.61429642
2018-04-16,16.14285626,16.90416001,15.55578061,16.83,63076.64948561,1014931.7096189,16.09045055
2018-04-17,16.13896781,16.84147,16.0,16.199,57517.60160924,938939.45954136,16.32438476
2018-04-18,17.63157006,17.86,16.03996345,16.04484012,113991.55424044,1933928.6823509,16.96554358
2018-04-19,18.37998999,18.37998999,17.3960934,17.7,71049.81700672,1271593.1067823,17.89720452
2018-04-20,19.62000001,19.75,17.83444741,18.37998999,278849.70354698,5329055.3382371,19.11085172
2018-04-21,18.66669937,19.999,17.52,19.62000001,164600.14520678,3058108.0081417,18.5790116
2018-04-22,18.6232816,19.5,18.2039346,18.69810745,78182.78961053,1484127.2251863,18.98278678
2018-04-23,20.33821287,20.84069027,18.64804542,18.64804542,143983.53529512,2900030.1117024,20.14140093
2018-04-24,22.15576313,22.85437668,20.32529501,20.44520454,122809.2169677,2664702.0475215,21.6978995
2018-04-25,18.7301995,22.14407628,18.07913215,22.06714012,317940.97018241,6232157.7901897,19.60161908
2018-04-26,21.0156,21.62001014,18.11,18.62,186478.73118024,3667656.1507457,19.66795959
2018-04-27,20.49999999,21.96823759,20.0,21.0156,103781.82179015,2175192.730576,20.95928451
2018-04-28,21.6651,22.368,20.45247959,20.49999999,74228.11000842,1597415.0535735,21.52035197
2018-04-29,21.67600018,22.37962065,20.34888981,21.688,80827.44457347,1723912.9017661,21.32831132
2018-04-30,21.80223118,22.99999899,21.25,21.8,104348.06482079,2307531.4906119,22.11379285
2018-05-01,21.50749135,21.83078807,20.49999935,21.82120255,52506.31197007,1101232.6800417,20.97333898
2018-05-02,21.70196623,21.8,20.88,21.54245735,37569.73628096,804463.11975578,21.41253038
2018-05-03,22.74371598,23.53089607,21.42337071,21.70196624,134770.07762315,3052298.4859822,22.64819119
2018-05-04,22.4,22.71208565,21.62750001,22.71208565,108373.49120583,2407101.9020295,22.21116875
2018-05-05,22.73028773,23.24999999,22.31044906,22.41906245,58813.08735019,1348762.3162955,22.93303033
2018-05-06,25.19629223,25.7,22.71364548,22.85056183,164953.04309876,4021731.5981165,24.38106943
2018-05-07,23.53718112,25.4205343,22.5,25.3,100799.76166684,2386292.3085884,23.67359078
2018-05-08,22.322,23.76570893,21.93720972,23.55073056,49234.18464271,1120537.764376,22.75934439
2018-05-09,21.44542554,22.40164811,20.13468618,22.36259431,91994.60581021,1956439.7604931,21.2668965
2018-05-10,19.68925293,21.72426461,19.55,21.50296148,70771.7084639,1464124.17222,20.68798682
2018-05-11,17.58594075,19.79996136,17.01918599,19.68925246,181373.50372918,3291536.519671,18.14783555
2018-05-12,18.05,18.48,16.36,17.71384304,100235.63073204,1751541.2093268,17.47423741
2018-05-13,18.59,19.11291525,17.682238,18.25493458,54593.55548153,1011937.870526,18.53584844
2018-05-14,18.63517556,19.2,17.33797573,18.68814338,88880.36948601,1615212.7443783,18.17288512
2018-05-15,18.19988901,19.9,18.06,18.64290711,85075.10898291,1620884.2870529,19.05239154
2018-05-16,17.55531015,18.2521568,16.8,18.14994446,64707.65996075,1122911.4039966,17.35360859
2018-05-17,16.87138788,18.35,16.584722,17.6565,67581.64201024,1184881.5180227,17.53259439
2018-05-18,18.0,18.14217793,16.56513879,16.87138786,44056.11832419,765053.03131437,17.36542075
2018-05-19,17.71024777,18.10672517,17.44255744,17.975559,26445.88623515,470156.38137692,17.77805353
2018-05-20,18.13000001,18.32506545,17.461269,17.73451346,29893.92584682,538301.81700633,18.00706336
2018-05-21,17.54952707,18.28189279,17.4096,18.20605869,35650.90255671,637317.90564053,17.87662751
2018-05-22,16.35059777,17.59464582,16.25,17.59464582,44081.63807973,750152.4584403,17.01734534
2018-05-23,14.77620826,16.56594311,14.48,16.40514322,67223.86969559,1037943.9498633,15.4401101
2018-05-24,15.72,15.72305544,14.3,14.82999996,42079.95153607,634105.60320117,15.06906686
2018-05-25,15.18999959,15.72305544,14.75,15.72,26559.30308181,403326.75565683,15.18589378
2018-05-26,15.23581228,15.82127999,14.97330478,15.13183342,19151.53980386,296593.72219782,15.48667758
2018-05-27,15.23361794,15.36456686,14.90198469,15.18506718,17901.6815828,270483.35660684,15.10938262
2018-05-28,14.32468012,15.55905604,14.138717,15.22088671,31594.26022467,463412.61264741,14.6676203
2018-05-29,15.23372585,15.52999999,14.06012685,14.331,44698.46546485,664766.33720308,14.87224069
2018-05-30,15.19999999,15.49899992,14.68,15.23484121,24089.44367802,362867.90540357,15.06335763
2018-05-31,15.35763753,15.55998825,15.0,15.15787615,16866.14805817,258912.39057278,15.35100899
2018-06-01,15.42377776,15.509,15.10068693,15.37000018,16973.83603564,258833.10377652,15.24894568
2018-06-02,15.87099976,16.1,15.30000007,15.499999,28693.0339786,453572.70280649,15.80776376
2018-06-03,16.21755292,16.44999999,15.79000563,15.87099978,23699.09080952,383165.09162953,16.16792368
2018-06-04,15.21,16.35,15.06953157,16.21755292,30125.87567363,467427.62898886,15.51581882
2018-06-05,15.47653915,15.62465371,14.76811728,15.20842226,24916.39632528,377297.38562909,15.14253428
2018-06-06,15.24562734,15.61813,14.9,15.43678305,12723.80922562,194291.35064864,15.26990441
2018-06-07,15.21,15.4747,15.09906983,15.24957307,12072.27729034,184661.36090779,15.29631538
2018-06-08,15.35011222,15.62103956,15.05492173,15.21,21177.01141768,325052.21462242,15.3492959
2018-06-09,15.00466719,15.5,14.9985,15.38982359,18224.74474686,277933.44419676,15.25033398
2018-06-10,12.59395865,14.98252434,12.02,14.961,79240.88130423,1069247.4506902,13.493634
2018-06-11,12.86,13.02973509,12.2000002,12.57,36477.65978425,462431.8150785,12.67712396
2018-06-12,14.79177952,16.2559276,12.75303804,12.83322617,320083.24330013,4894712.254233,15.2919978
2018-06-13,13.78644653,14.86390183,12.89,14.68663394,126287.04790279,1722833.5767194,13.64220326
2018-06-14,14.09624924,14.33984477,13.15,13.91157184,71327.46933632,982191.18152783,13.77016723
2018-06-15,13.83054811,14.05445826,13.5989795,14.05445826,37357.52472066,516745.69220747,13.83243927
2018-06-16,14.49124077,14.87305892,13.79831347,13.83058627,46886.22902048,673076.24427211,14.35552097
2018-06-17,14.1,14.63426869,14.1,14.38502335,12995.99873541,186370.82407388,14.34063113
2018-06-18,15.09999647,15.47465959,13.95715162,14.25857355,77369.92580966,1113136.5364661,14.38719922
2018-06-19,15.53189838,15.9,15.00365747,15.09999647,38221.16831492,586922.87179089,15.35596366
2018-06-20,17.25585139,17.4,14.81714857,15.53200193,97841.63388297,1565381.0275566,15.99913007
2018-06-21,17.55414677,17.85,16.59775501,17.2558516,119871.70981005,2062051.6413824,17.20215424
2018-06-22,14.50700777,17.64926199,14.13263696,17.60000001,206649.58319592,3266423.3630374,15.80658094
2018-06-23,14.8,15.10419999,14.15359051,14.54843042,68289.87976261,1005738.5595116,14.72749055
2018-06-24,14.7490604,15.28799999,13.09046219,14.86327314,90158.8197138,1260761.5227552,13.98378468
2018-06-25,15.8348466,16.05,14.61,14.76000042,67284.4258714,1044331.5337534,15.52114802
2018-06-26,14.88,15.92,14.80572074,15.89500517,63740.24388089,984487.16585553,15.44529963
2018-06-27,15.43,15.60393907,14.15663502,14.88,64780.07989624,965087.61993192,14.89790721
2018-06-28,14.59015057,15.75,14.41417347,15.46610859,67359.28401452,1028815.5919116,15.27355296
2018-06-29,15.30383831,15.53865149,14.244149,14.64499999,50983.7897613,755769.85185376,14.82372839
2018-06-30,16.2,16.82809999,15.2556,15.30381304,77242.53720189,1245603.4389597,16.12587421
2018-07-01,16.0,16.397,15.55900043,16.21276662,44735.32338438,714271.04608024,15.9666007
2018-07-02,16.66790768,16.99,15.6487727,16.0,48213.91797799,800326.23563333,16.59948556
2018-07-03,16.18099999,17.2,16.0327342,16.72794787,72591.38621645,1195053.1144686,16.46273995
2018-07-04,16.76437142,17.48999999,15.73,16.19680438,76913.08636029,1299087.5381328,16.89033166
2018-07-05,17.35,17.4,16.69,16.77410127,69181.51192252,1177708.6500786,17.02345926
2018-07-06,18.33542041,18.5,16.82437217,17.35,164369.33159328,2914635.8142468,17.73223621
2018-07-07,18.67546915,18.81,17.42000001,18.36233341,75447.97718514,1381655.5224471,18.31269139
2018-07-08,18.29,18.96,18.20109103,18.67844581,40720.37876526,756081.38458856,18.56764125
2018-07-09,18.23468807,18.70805,18.12000001,18.2999451,32480.21186394,599550.10877541,18.45893466
2018-07-10,16.08034662,18.22993096,15.94660099,18.12100001,104503.31234136,1781572.5530439,17.0480008
2018-07-11,16.40574684,16.77959412,15.66788198,16.08034662,86913.06143594,1413239.1814058,16.26037741
2018-07-12,16.35171706,16.48147067,15.71737442,16.42365711,67058.23556066,1075337.3967503,16.03587371
2018-07-13,16.252,16.9,16.1,16.35171697,80552.47715244,1331733.2249832,16.5324925
2018-07-14,16.42800897,16.74292643,16.1,16.18747342,16814.86272583,275346.35123192,16.37517687
2018-07-15,16.67736469,16.9,16.27000001,16.3908177,18295.48595412,303896.22788692,16.61044853
2018-07-16,17.39900007,17.50000001,16.54536566,16.69,56413.04190385,968954.82631535,17.17607832
2018-07-17,17.95964958,18.22623904,16.88000006,17.39899999,88776.53894221,1555541.1016093,17.52198407
2018-07-18,17.3,18.40459589,17.13013079,17.9,76985.315686,1374367.7602872,17.85233648
2018-07-19,17.43359842,17.85253219,17.07952805,17.30000009,46271.59199039,804654.69832044,17.38982091
2018-07-20,16.14849079,17.5855704,15.73185157,17.43148494,79403.8691835,1331682.7627865,16.77100595
2018-07-21,16.321,16.54684564,15.810374,16.14849078,27753.79114581,452735.50856883,16.31256451
2018-07-22,16.12,16.52814006,16.0725947,16.3179279,31899.54113303,520453.98642026,16.31540667
2018-07-23,16.06113737,16.77999999,15.9,16.19923098,36669.81234214,598051.77321409,16.30910372
2018-07-24,16.6405423,16.85797467,15.75,16.06697802,62625.46043688,1025681.188565,16.37802231
2018-07-25,16.55367189,16.84333442,16.10400001,16.6405423,36139.09117468,596673.62090273,16.51047664
2018-07-26,16.64843627,17.47534012,16.33373211,16.53196672,58906.48459388,993894.86865187,16.87241863
2018-07-27,17.01694478,17.23547634,16.33495418,16.67632873,40428.55503054,679286.46329073,16.80214548
2018-07-28,17.0,17.09424322,16.6106,17.0477155,14935.07284478,251775.72833077,16.85801809
2018-07-29,16.775,17.08,16.7135689,17.0,7229.60541406,121869.10489628,16.85695109
